split,sample_index,class_index,word,augmented
train,0,0,THE,True
train,1,0,THE,True
train,2,0,THE,True
train,3,0,THE,True
train,4,2,A,True
train,5,2,A,True
train,6,2,A,True
train,7,2,A,True
train,8,0,THE,True
train,9,0,THE,True
train,10,0,THE,True
train,11,0,THE,True
train,12,2,A,True
train,13,2,A,True
train,14,2,A,True
train,15,2,A,True
train,16,0,THE,True
train,17,0,THE,True
train,18,0,THE,True
train,19,0,THE,True
train,20,1,AND,True
train,21,1,AND,True
train,22,1,AND,True
train,23,1,AND,True
train,24,2,A,True
train,25,2,A,True
train,26,2,A,True
train,27,2,A,True
train,28,0,THE,True
train,29,0,THE,True
train,30,0,THE,True
train,31,0,THE,True
train,32,0,THE,True
train,33,0,THE,True
train,34,0,THE,True
train,35,0,THE,True
train,36,0,THE,True
train,37,0,THE,True
train,38,0,THE,True
train,39,0,THE,True
train,40,2,A,True
train,41,2,A,True
train,42,2,A,True
train,43,2,A,True
train,44,3,OF,True
train,45,3,OF,True
train,46,3,OF,True
train,47,3,OF,True
train,48,0,THE,True
train,49,0,THE,True
train,50,0,THE,True
train,51,0,THE,True
train,52,4,I,True
train,53,4,I,True
train,54,4,I,True
train,55,4,I,True
train,56,1,AND,True
train,57,1,AND,True
train,58,1,AND,True
train,59,1,AND,True
train,60,0,THE,True
train,61,0,THE,True
train,62,0,THE,True
train,63,0,THE,True
train,64,0,THE,True
train,65,0,THE,True
train,66,0,THE,True
train,67,0,THE,True
train,68,0,THE,True
train,69,0,THE,True
train,70,0,THE,True
train,71,0,THE,True
train,72,2,A,True
train,73,2,A,True
train,74,2,A,True
train,75,2,A,True
train,76,0,THE,True
train,77,0,THE,True
train,78,0,THE,True
train,79,0,THE,True
train,80,0,THE,True
train,81,0,THE,True
train,82,0,THE,True
train,83,0,THE,True
train,84,2,A,True
train,85,2,A,True
train,86,2,A,True
train,87,2,A,True
train,88,0,THE,True
train,89,0,THE,True
train,90,0,THE,True
train,91,0,THE,True
train,92,0,THE,True
train,93,0,THE,True
train,94,0,THE,True
train,95,0,THE,True
train,96,0,THE,True
train,97,0,THE,True
train,98,0,THE,True
train,99,0,THE,True
train,100,4,I,True
train,101,4,I,True
train,102,4,I,True
train,103,4,I,True
train,104,2,A,True
train,105,2,A,True
train,106,2,A,True
train,107,2,A,True
train,108,0,THE,True
train,109,0,THE,True
train,110,0,THE,True
train,111,0,THE,True
train,112,0,THE,True
train,113,0,THE,True
train,114,0,THE,True
train,115,0,THE,True
train,116,3,OF,True
train,117,3,OF,True
train,118,3,OF,True
train,119,3,OF,True
train,120,0,THE,True
train,121,0,THE,True
train,122,0,THE,True
train,123,0,THE,True
train,124,0,THE,True
train,125,0,THE,True
train,126,0,THE,True
train,127,0,THE,True
train,128,1,AND,True
train,129,1,AND,True
train,130,1,AND,True
train,131,1,AND,True
train,132,0,THE,True
train,133,0,THE,True
train,134,0,THE,True
train,135,0,THE,True
train,136,1,AND,True
train,137,1,AND,True
train,138,1,AND,True
train,139,1,AND,True
train,140,0,THE,True
train,141,0,THE,True
train,142,0,THE,True
train,143,0,THE,True
train,144,4,I,True
train,145,4,I,True
train,146,4,I,True
train,147,4,I,True
train,148,3,OF,True
train,149,3,OF,True
train,150,3,OF,True
train,151,3,OF,True
train,152,2,A,True
train,153,2,A,True
train,154,2,A,True
train,155,2,A,True
train,156,0,THE,True
train,157,0,THE,True
train,158,0,THE,True
train,159,0,THE,True
train,160,0,THE,True
train,161,0,THE,True
train,162,0,THE,True
train,163,0,THE,True
train,164,0,THE,True
train,165,0,THE,True
train,166,0,THE,True
train,167,0,THE,True
train,168,0,THE,True
train,169,0,THE,True
train,170,0,THE,True
train,171,0,THE,True
train,172,0,THE,True
train,173,0,THE,True
train,174,0,THE,True
train,175,0,THE,True
train,176,0,THE,True
train,177,0,THE,True
train,178,0,THE,True
train,179,0,THE,True
train,180,2,A,True
train,181,2,A,True
train,182,2,A,True
train,183,2,A,True
train,184,4,I,True
train,185,4,I,True
train,186,4,I,True
train,187,4,I,True
train,188,0,THE,True
train,189,0,THE,True
train,190,0,THE,True
train,191,0,THE,True
train,192,3,OF,True
train,193,3,OF,True
train,194,3,OF,True
train,195,3,OF,True
train,196,3,OF,True
train,197,3,OF,True
train,198,3,OF,True
train,199,3,OF,True
train,200,3,OF,True
train,201,3,OF,True
train,202,3,OF,True
train,203,3,OF,True
train,204,4,I,True
train,205,4,I,True
train,206,4,I,True
train,207,4,I,True
train,208,0,THE,True
train,209,0,THE,True
train,210,0,THE,True
train,211,0,THE,True
train,212,1,AND,True
train,213,1,AND,True
train,214,1,AND,True
train,215,1,AND,True
train,216,0,THE,True
train,217,0,THE,True
train,218,0,THE,True
train,219,0,THE,True
train,220,0,THE,True
train,221,0,THE,True
train,222,0,THE,True
train,223,0,THE,True
train,224,0,THE,True
train,225,0,THE,True
train,226,0,THE,True
train,227,0,THE,True
train,228,0,THE,True
train,229,0,THE,True
train,230,0,THE,True
train,231,0,THE,True
train,232,4,I,True
train,233,4,I,True
train,234,4,I,True
train,235,4,I,True
train,236,2,A,True
train,237,2,A,True
train,238,2,A,True
train,239,2,A,True
train,240,1,AND,True
train,241,1,AND,True
train,242,1,AND,True
train,243,1,AND,True
train,244,0,THE,True
train,245,0,THE,True
train,246,0,THE,True
train,247,0,THE,True
train,248,2,A,True
train,249,2,A,True
train,250,2,A,True
train,251,2,A,True
train,252,1,AND,True
train,253,1,AND,True
train,254,1,AND,True
train,255,1,AND,True
train,256,0,THE,True
train,257,0,THE,True
train,258,0,THE,True
train,259,0,THE,True
train,260,0,THE,True
train,261,0,THE,True
train,262,0,THE,True
train,263,0,THE,True
train,264,3,OF,True
train,265,3,OF,True
train,266,3,OF,True
train,267,3,OF,True
train,268,3,OF,True
train,269,3,OF,True
train,270,3,OF,True
train,271,3,OF,True
train,272,0,THE,True
train,273,0,THE,True
train,274,0,THE,True
train,275,0,THE,True
train,276,3,OF,True
train,277,3,OF,True
train,278,3,OF,True
train,279,3,OF,True
train,280,4,I,True
train,281,4,I,True
train,282,4,I,True
train,283,4,I,True
train,284,3,OF,True
train,285,3,OF,True
train,286,3,OF,True
train,287,3,OF,True
train,288,0,THE,True
train,289,0,THE,True
train,290,0,THE,True
train,291,0,THE,True
train,292,3,OF,True
train,293,3,OF,True
train,294,3,OF,True
train,295,3,OF,True
train,296,0,THE,True
train,297,0,THE,True
train,298,0,THE,True
train,299,0,THE,True
train,300,3,OF,True
train,301,3,OF,True
train,302,3,OF,True
train,303,3,OF,True
train,304,0,THE,True
train,305,0,THE,True
train,306,0,THE,True
train,307,0,THE,True
train,308,0,THE,True
train,309,0,THE,True
train,310,0,THE,True
train,311,0,THE,True
train,312,2,A,True
train,313,2,A,True
train,314,2,A,True
train,315,2,A,True
train,316,0,THE,True
train,317,0,THE,True
train,318,0,THE,True
train,319,0,THE,True
train,320,0,THE,True
train,321,0,THE,True
train,322,0,THE,True
train,323,0,THE,True
train,324,4,I,True
train,325,4,I,True
train,326,4,I,True
train,327,4,I,True
train,328,0,THE,True
train,329,0,THE,True
train,330,0,THE,True
train,331,0,THE,True
train,332,0,THE,True
train,333,0,THE,True
train,334,0,THE,True
train,335,0,THE,True
train,336,2,A,True
train,337,2,A,True
train,338,2,A,True
train,339,2,A,True
train,340,3,OF,True
train,341,3,OF,True
train,342,3,OF,True
train,343,3,OF,True
train,344,1,AND,True
train,345,1,AND,True
train,346,1,AND,True
train,347,1,AND,True
train,348,2,A,True
train,349,2,A,True
train,350,2,A,True
train,351,2,A,True
train,352,1,AND,True
train,353,1,AND,True
train,354,1,AND,True
train,355,1,AND,True
train,356,4,I,True
train,357,4,I,True
train,358,4,I,True
train,359,4,I,True
train,360,1,AND,True
train,361,1,AND,True
train,362,1,AND,True
train,363,1,AND,True
train,364,3,OF,True
train,365,3,OF,True
train,366,3,OF,True
train,367,3,OF,True
train,368,0,THE,True
train,369,0,THE,True
train,370,0,THE,True
train,371,0,THE,True
train,372,2,A,True
train,373,2,A,True
train,374,2,A,True
train,375,2,A,True
train,376,3,OF,True
train,377,3,OF,True
train,378,3,OF,True
train,379,3,OF,True
train,380,0,THE,True
train,381,0,THE,True
train,382,0,THE,True
train,383,0,THE,True
train,384,3,OF,True
train,385,3,OF,True
train,386,3,OF,True
train,387,3,OF,True
train,388,0,THE,True
train,389,0,THE,True
train,390,0,THE,True
train,391,0,THE,True
train,392,1,AND,True
train,393,1,AND,True
train,394,1,AND,True
train,395,1,AND,True
train,396,2,A,True
train,397,2,A,True
train,398,2,A,True
train,399,2,A,True
train,400,2,A,True
train,401,2,A,True
train,402,2,A,True
train,403,2,A,True
train,404,2,A,True
train,405,2,A,True
train,406,2,A,True
train,407,2,A,True
train,408,1,AND,True
train,409,1,AND,True
train,410,1,AND,True
train,411,1,AND,True
train,412,2,A,True
train,413,2,A,True
train,414,2,A,True
train,415,2,A,True
train,416,2,A,True
train,417,2,A,True
train,418,2,A,True
train,419,2,A,True
train,420,2,A,True
train,421,2,A,True
train,422,2,A,True
train,423,2,A,True
train,424,2,A,True
train,425,2,A,True
train,426,2,A,True
train,427,2,A,True
train,428,1,AND,True
train,429,1,AND,True
train,430,1,AND,True
train,431,1,AND,True
train,432,1,AND,True
train,433,1,AND,True
train,434,1,AND,True
train,435,1,AND,True
train,436,0,THE,True
train,437,0,THE,True
train,438,0,THE,True
train,439,0,THE,True
train,440,0,THE,True
train,441,0,THE,True
train,442,0,THE,True
train,443,0,THE,True
train,444,3,OF,True
train,445,3,OF,True
train,446,3,OF,True
train,447,3,OF,True
train,448,2,A,True
train,449,2,A,True
train,450,2,A,True
train,451,2,A,True
train,452,4,I,True
train,453,4,I,True
train,454,4,I,True
train,455,4,I,True
train,456,2,A,True
train,457,2,A,True
train,458,2,A,True
train,459,2,A,True
train,460,4,I,True
train,461,4,I,True
train,462,4,I,True
train,463,4,I,True
train,464,3,OF,True
train,465,3,OF,True
train,466,3,OF,True
train,467,3,OF,True
train,468,0,THE,True
train,469,0,THE,True
train,470,0,THE,True
train,471,0,THE,True
train,472,4,I,True
train,473,4,I,True
train,474,4,I,True
train,475,4,I,True
train,476,1,AND,True
train,477,1,AND,True
train,478,1,AND,True
train,479,1,AND,True
train,480,0,THE,True
train,481,0,THE,True
train,482,0,THE,True
train,483,0,THE,True
train,484,0,THE,True
train,485,0,THE,True
train,486,0,THE,True
train,487,0,THE,True
train,488,0,THE,True
train,489,0,THE,True
train,490,0,THE,True
train,491,0,THE,True
train,492,4,I,True
train,493,4,I,True
train,494,4,I,True
train,495,4,I,True
train,496,0,THE,True
train,497,0,THE,True
train,498,0,THE,True
train,499,0,THE,True
train,500,2,A,True
train,501,2,A,True
train,502,2,A,True
train,503,2,A,True
train,504,0,THE,True
train,505,0,THE,True
train,506,0,THE,True
train,507,0,THE,True
train,508,0,THE,True
train,509,0,THE,True
train,510,0,THE,True
train,511,0,THE,True
train,512,1,AND,True
train,513,1,AND,True
train,514,1,AND,True
train,515,1,AND,True
train,516,1,AND,True
train,517,1,AND,True
train,518,1,AND,True
train,519,1,AND,True
train,520,0,THE,True
train,521,0,THE,True
train,522,0,THE,True
train,523,0,THE,True
train,524,0,THE,True
train,525,0,THE,True
train,526,0,THE,True
train,527,0,THE,True
train,528,1,AND,True
train,529,1,AND,True
train,530,1,AND,True
train,531,1,AND,True
train,532,1,AND,True
train,533,1,AND,True
train,534,1,AND,True
train,535,1,AND,True
train,536,0,THE,True
train,537,0,THE,True
train,538,0,THE,True
train,539,0,THE,True
train,540,0,THE,True
train,541,0,THE,True
train,542,0,THE,True
train,543,0,THE,True
train,544,0,THE,True
train,545,0,THE,True
train,546,0,THE,True
train,547,0,THE,True
train,548,1,AND,True
train,549,1,AND,True
train,550,1,AND,True
train,551,1,AND,True
train,552,1,AND,True
train,553,1,AND,True
train,554,1,AND,True
train,555,1,AND,True
train,556,1,AND,True
train,557,1,AND,True
train,558,1,AND,True
train,559,1,AND,True
train,560,1,AND,True
train,561,1,AND,True
train,562,1,AND,True
train,563,1,AND,True
train,564,4,I,True
train,565,4,I,True
train,566,4,I,True
train,567,4,I,True
train,568,4,I,True
train,569,4,I,True
train,570,4,I,True
train,571,4,I,True
train,572,0,THE,True
train,573,0,THE,True
train,574,0,THE,True
train,575,0,THE,True
train,576,0,THE,True
train,577,0,THE,True
train,578,0,THE,True
train,579,0,THE,True
train,580,1,AND,True
train,581,1,AND,True
train,582,1,AND,True
train,583,1,AND,True
train,584,0,THE,True
train,585,0,THE,True
train,586,0,THE,True
train,587,0,THE,True
train,588,2,A,True
train,589,2,A,True
train,590,2,A,True
train,591,2,A,True
train,592,3,OF,True
train,593,3,OF,True
train,594,3,OF,True
train,595,3,OF,True
train,596,0,THE,True
train,597,0,THE,True
train,598,0,THE,True
train,599,0,THE,True
train,600,2,A,True
train,601,2,A,True
train,602,2,A,True
train,603,2,A,True
train,604,1,AND,True
train,605,1,AND,True
train,606,1,AND,True
train,607,1,AND,True
train,608,1,AND,True
train,609,1,AND,True
train,610,1,AND,True
train,611,1,AND,True
train,612,1,AND,True
train,613,1,AND,True
train,614,1,AND,True
train,615,1,AND,True
train,616,0,THE,True
train,617,0,THE,True
train,618,0,THE,True
train,619,0,THE,True
train,620,1,AND,True
train,621,1,AND,True
train,622,1,AND,True
train,623,1,AND,True
train,624,4,I,True
train,625,4,I,True
train,626,4,I,True
train,627,4,I,True
train,628,3,OF,True
train,629,3,OF,True
train,630,3,OF,True
train,631,3,OF,True
train,632,3,OF,True
train,633,3,OF,True
train,634,3,OF,True
train,635,3,OF,True
train,636,0,THE,True
train,637,0,THE,True
train,638,0,THE,True
train,639,0,THE,True
train,640,0,THE,True
train,641,0,THE,True
train,642,0,THE,True
train,643,0,THE,True
train,644,3,OF,True
train,645,3,OF,True
train,646,3,OF,True
train,647,3,OF,True
train,648,0,THE,True
train,649,0,THE,True
train,650,0,THE,True
train,651,0,THE,True
train,652,0,THE,True
train,653,0,THE,True
train,654,0,THE,True
train,655,0,THE,True
train,656,4,I,True
train,657,4,I,True
train,658,4,I,True
train,659,4,I,True
train,660,1,AND,True
train,661,1,AND,True
train,662,1,AND,True
train,663,1,AND,True
train,664,0,THE,True
train,665,0,THE,True
train,666,0,THE,True
train,667,0,THE,True
train,668,0,THE,True
train,669,0,THE,True
train,670,0,THE,True
train,671,0,THE,True
train,672,0,THE,True
train,673,0,THE,True
train,674,0,THE,True
train,675,0,THE,True
train,676,1,AND,True
train,677,1,AND,True
train,678,1,AND,True
train,679,1,AND,True
train,680,3,OF,True
train,681,3,OF,True
train,682,3,OF,True
train,683,3,OF,True
train,684,0,THE,True
train,685,0,THE,True
train,686,0,THE,True
train,687,0,THE,True
train,688,3,OF,True
train,689,3,OF,True
train,690,3,OF,True
train,691,3,OF,True
train,692,0,THE,True
train,693,0,THE,True
train,694,0,THE,True
train,695,0,THE,True
train,696,4,I,True
train,697,4,I,True
train,698,4,I,True
train,699,4,I,True
train,700,0,THE,True
train,701,0,THE,True
train,702,0,THE,True
train,703,0,THE,True
train,704,0,THE,True
train,705,0,THE,True
train,706,0,THE,True
train,707,0,THE,True
train,708,3,OF,True
train,709,3,OF,True
train,710,3,OF,True
train,711,3,OF,True
train,712,0,THE,True
train,713,0,THE,True
train,714,0,THE,True
train,715,0,THE,True
train,716,4,I,True
train,717,4,I,True
train,718,4,I,True
train,719,4,I,True
train,720,2,A,True
train,721,2,A,True
train,722,2,A,True
train,723,2,A,True
train,724,4,I,True
train,725,4,I,True
train,726,4,I,True
train,727,4,I,True
train,728,2,A,True
train,729,2,A,True
train,730,2,A,True
train,731,2,A,True
train,732,1,AND,True
train,733,1,AND,True
train,734,1,AND,True
train,735,1,AND,True
train,736,0,THE,True
train,737,0,THE,True
train,738,0,THE,True
train,739,0,THE,True
train,740,3,OF,True
train,741,3,OF,True
train,742,3,OF,True
train,743,3,OF,True
train,744,0,THE,True
train,745,0,THE,True
train,746,0,THE,True
train,747,0,THE,True
train,748,4,I,True
train,749,4,I,True
train,750,4,I,True
train,751,4,I,True
train,752,4,I,True
train,753,4,I,True
train,754,4,I,True
train,755,4,I,True
train,756,0,THE,True
train,757,0,THE,True
train,758,0,THE,True
train,759,0,THE,True
train,760,0,THE,True
train,761,0,THE,True
train,762,0,THE,True
train,763,0,THE,True
train,764,0,THE,True
train,765,0,THE,True
train,766,0,THE,True
train,767,0,THE,True
train,768,1,AND,True
train,769,1,AND,True
train,770,1,AND,True
train,771,1,AND,True
train,772,1,AND,True
train,773,1,AND,True
train,774,1,AND,True
train,775,1,AND,True
train,776,1,AND,True
train,777,1,AND,True
train,778,1,AND,True
train,779,1,AND,True
train,780,1,AND,True
train,781,1,AND,True
train,782,1,AND,True
train,783,1,AND,True
train,784,0,THE,True
train,785,0,THE,True
train,786,0,THE,True
train,787,0,THE,True
train,788,0,THE,True
train,789,0,THE,True
train,790,0,THE,True
train,791,0,THE,True
train,792,0,THE,True
train,793,0,THE,True
train,794,0,THE,True
train,795,0,THE,True
train,796,2,A,True
train,797,2,A,True
train,798,2,A,True
train,799,2,A,True
train,800,0,THE,True
train,801,0,THE,True
train,802,0,THE,True
train,803,0,THE,True
train,804,0,THE,True
train,805,0,THE,True
train,806,0,THE,True
train,807,0,THE,True
train,808,1,AND,True
train,809,1,AND,True
train,810,1,AND,True
train,811,1,AND,True
train,812,0,THE,True
train,813,0,THE,True
train,814,0,THE,True
train,815,0,THE,True
train,816,0,THE,True
train,817,0,THE,True
train,818,0,THE,True
train,819,0,THE,True
train,820,2,A,True
train,821,2,A,True
train,822,2,A,True
train,823,2,A,True
train,824,2,A,True
train,825,2,A,True
train,826,2,A,True
train,827,2,A,True
train,828,0,THE,True
train,829,0,THE,True
train,830,0,THE,True
train,831,0,THE,True
train,832,4,I,True
train,833,4,I,True
train,834,4,I,True
train,835,4,I,True
train,836,0,THE,True
train,837,0,THE,True
train,838,0,THE,True
train,839,0,THE,True
train,840,2,A,True
train,841,2,A,True
train,842,2,A,True
train,843,2,A,True
train,844,0,THE,True
train,845,0,THE,True
train,846,0,THE,True
train,847,0,THE,True
train,848,2,A,True
train,849,2,A,True
train,850,2,A,True
train,851,2,A,True
train,852,0,THE,True
train,853,0,THE,True
train,854,0,THE,True
train,855,0,THE,True
train,856,1,AND,True
train,857,1,AND,True
train,858,1,AND,True
train,859,1,AND,True
train,860,4,I,True
train,861,4,I,True
train,862,4,I,True
train,863,4,I,True
train,864,4,I,True
train,865,4,I,True
train,866,4,I,True
train,867,4,I,True
train,868,0,THE,True
train,869,0,THE,True
train,870,0,THE,True
train,871,0,THE,True
train,872,3,OF,True
train,873,3,OF,True
train,874,3,OF,True
train,875,3,OF,True
train,876,1,AND,True
train,877,1,AND,True
train,878,1,AND,True
train,879,1,AND,True
train,880,2,A,True
train,881,2,A,True
train,882,2,A,True
train,883,2,A,True
train,884,1,AND,True
train,885,1,AND,True
train,886,1,AND,True
train,887,1,AND,True
train,888,3,OF,True
train,889,3,OF,True
train,890,3,OF,True
train,891,3,OF,True
train,892,2,A,True
train,893,2,A,True
train,894,2,A,True
train,895,2,A,True
train,896,0,THE,True
train,897,0,THE,True
train,898,0,THE,True
train,899,0,THE,True
train,900,2,A,True
train,901,2,A,True
train,902,2,A,True
train,903,2,A,True
train,904,0,THE,True
train,905,0,THE,True
train,906,0,THE,True
train,907,0,THE,True
train,908,1,AND,True
train,909,1,AND,True
train,910,1,AND,True
train,911,1,AND,True
train,912,0,THE,True
train,913,0,THE,True
train,914,0,THE,True
train,915,0,THE,True
train,916,2,A,True
train,917,2,A,True
train,918,2,A,True
train,919,2,A,True
train,920,0,THE,True
train,921,0,THE,True
train,922,0,THE,True
train,923,0,THE,True
train,924,4,I,True
train,925,4,I,True
train,926,4,I,True
train,927,4,I,True
train,928,0,THE,True
train,929,0,THE,True
train,930,0,THE,True
train,931,0,THE,True
train,932,0,THE,True
train,933,0,THE,True
train,934,0,THE,True
train,935,0,THE,True
train,936,4,I,True
train,937,4,I,True
train,938,4,I,True
train,939,4,I,True
train,940,4,I,True
train,941,4,I,True
train,942,4,I,True
train,943,4,I,True
train,944,0,THE,True
train,945,0,THE,True
train,946,0,THE,True
train,947,0,THE,True
train,948,0,THE,True
train,949,0,THE,True
train,950,0,THE,True
train,951,0,THE,True
train,952,1,AND,True
train,953,1,AND,True
train,954,1,AND,True
train,955,1,AND,True
train,956,0,THE,True
train,957,0,THE,True
train,958,0,THE,True
train,959,0,THE,True
train,960,2,A,True
train,961,2,A,True
train,962,2,A,True
train,963,2,A,True
train,964,3,OF,True
train,965,3,OF,True
train,966,3,OF,True
train,967,3,OF,True
train,968,2,A,True
train,969,2,A,True
train,970,2,A,True
train,971,2,A,True
train,972,3,OF,True
train,973,3,OF,True
train,974,3,OF,True
train,975,3,OF,True
train,976,3,OF,True
train,977,3,OF,True
train,978,3,OF,True
train,979,3,OF,True
train,980,1,AND,True
train,981,1,AND,True
train,982,1,AND,True
train,983,1,AND,True
train,984,4,I,True
train,985,4,I,True
train,986,4,I,True
train,987,4,I,True
train,988,2,A,True
train,989,2,A,True
train,990,2,A,True
train,991,2,A,True
train,992,0,THE,True
train,993,0,THE,True
train,994,0,THE,True
train,995,0,THE,True
train,996,0,THE,True
train,997,0,THE,True
train,998,0,THE,True
train,999,0,THE,True
validation,0,1,AND,False
validation,1,2,A,False
validation,2,3,OF,False
validation,3,1,AND,False
validation,4,3,OF,False
validation,5,0,THE,False
validation,6,3,OF,False
validation,7,0,THE,False
validation,8,1,AND,False
validation,9,0,THE,False
validation,10,0,THE,False
validation,11,0,THE,False
validation,12,0,THE,False
validation,13,0,THE,False
validation,14,1,AND,False
validation,15,2,A,False
validation,16,0,THE,False
validation,17,0,THE,False
validation,18,1,AND,False
validation,19,0,THE,False
validation,20,0,THE,False
validation,21,0,THE,False
validation,22,4,I,False
validation,23,0,THE,False
validation,24,3,OF,False
validation,25,3,OF,False
validation,26,3,OF,False
validation,27,2,A,False
validation,28,1,AND,False
validation,29,4,I,False
validation,30,4,I,False
validation,31,0,THE,False
validation,32,0,THE,False
validation,33,0,THE,False
validation,34,1,AND,False
validation,35,0,THE,False
validation,36,4,I,False
validation,37,2,A,False
validation,38,1,AND,False
validation,39,0,THE,False
validation,40,4,I,False
validation,41,2,A,False
validation,42,0,THE,False
validation,43,0,THE,False
validation,44,0,THE,False
validation,45,0,THE,False
validation,46,1,AND,False
validation,47,2,A,False
validation,48,2,A,False
validation,49,3,OF,False
validation,50,0,THE,False
validation,51,2,A,False
validation,52,4,I,False
validation,53,2,A,False
test,0,1,AND,False
test,1,0,THE,False
test,2,1,AND,False
test,3,0,THE,False
test,4,0,THE,False
test,5,2,A,False
test,6,0,THE,False
test,7,4,I,False
test,8,0,THE,False
test,9,3,OF,False
test,10,3,OF,False
test,11,2,A,False
test,12,3,OF,False
test,13,0,THE,False
test,14,2,A,False
test,15,2,A,False
test,16,0,THE,False
test,17,0,THE,False
test,18,3,OF,False
test,19,0,THE,False
test,20,1,AND,False
test,21,0,THE,False
test,22,3,OF,False
test,23,2,A,False
test,24,1,AND,False
test,25,0,THE,False
test,26,2,A,False
test,27,0,THE,False
test,28,1,AND,False
test,29,0,THE,False
test,30,0,THE,False
test,31,0,THE,False
test,32,3,OF,False
test,33,0,THE,False
test,34,2,A,False
test,35,0,THE,False
test,36,4,I,False
test,37,0,THE,False
test,38,0,THE,False
test,39,1,AND,False
test,40,0,THE,False
test,41,2,A,False
test,42,2,A,False
test,43,1,AND,False
test,44,4,I,False
test,45,0,THE,False
test,46,1,AND,False
test,47,0,THE,False
test,48,4,I,False
test,49,3,OF,False
test,50,4,I,False
test,51,1,AND,False
test,52,0,THE,False
test,53,4,I,False
